"R-Squared","EstTheta","EstM0","MeanM0","EstNiches","MeanNiches"
0.990894513559526,21.6818516069934,0.306133329096543,1.30779814956284,2.28688930133443,8.512734082397
