"","R-Squared","AIC Score","BIC Score","ID","Model"
"1",0.991867061672241,6.11848888635927,7.6314143513295,154,"Gompertz"
"2",0.996237083200398,-1.58878986313974,-0.0758643981695144,154,"Baranyi"
"3",0.994187317864483,2.75968718008708,4.27261264505731,154,"Buchanan"
"4",0.949285038090196,22.4214758620741,23.6318162340503,154,"Quadratic"
"5",0.996266533482631,-1.6673622426465,-0.154436777676271,154,"Polynomial"
"6",0.948881937424705,20.5006452225021,21.4084005014842,154,"Linear"
