"","R-Squared","AIC Score","BIC Score","ID","Model"
"1",0.991573414964402,39.759010414269,53.1696665498901,284,"Gompertz"
"2",NA,NA,NA,284,"Baranyi"
"3",NA,NA,NA,284,"Buchanan"
"4",0.983683952505908,109.120824627276,119.849349535773,284,"Quadratic"
"5",0.985459167327446,98.6804780577175,112.091134193339,284,"Polynomial"
"6",0.871127348625637,330.321787890447,338.368181571819,284,"Linear"
