"","R-Squared","AIC Score","BIC Score","ID","Model"
"1",NA,NA,NA,109,"Gompertz"
"2",NA,NA,NA,109,"Baranyi"
"3",NA,NA,NA,109,"Buchanan"
"4",0.984283962196914,9.38277199213734,11.3223985912893,109,"Quadratic"
"5",0.984582667105142,11.1525001770537,13.5770334259937,109,"Polynomial"
"6",0.919626496687289,26.966806240123,28.421526189487,109,"Linear"
