"","R-Squared","AIC Score","BIC Score","ID","Model"
"1",0.994224657200806,-3.09236510542145,-2.69515739702227,243,"Gompertz"
"2",0.9913665277084,0.124028187746431,0.52123589614561,243,"Baranyi"
"3",0.991282917635385,0.201130709817738,0.598338418216917,243,"Buchanan"
"4",0.916485122745007,16.2790522777052,16.5968184444245,243,"Quadratic"
"5",0.986271960010701,3.83437762978532,4.2315853381845,243,"Polynomial"
"6",0.713713537654449,24.1347973931029,24.3731220181424,243,"Linear"
