"","R-Squared","AIC Score","BIC Score","ID","Model"
"1",0.991218108521761,-8.9528379246054,-5.7575512765291,49,"Gompertz"
"2",NA,NA,NA,49,"Baranyi"
"3",NA,NA,NA,49,"Buchanan"
"4",0.840428993863207,29.6443227064743,32.2005520249353,49,"Quadratic"
"5",0.93054758456131,19.9984625424582,23.1937491905345,49,"Polynomial"
"6",0.628357613445558,39.4805255847369,41.3976975735827,49,"Linear"
