"","R-Squared","AIC Score","BIC Score","ID","Model"
"1",0.968486937334699,7.75892505426938,11.2991760597804,47,"Gompertz"
"2",NA,NA,NA,47,"Baranyi"
"3",NA,NA,NA,47,"Buchanan"
"4",0.933061381316967,17.0595337456721,19.8917345500809,47,"Quadratic"
"5",0.962777100688111,10.2567550112546,13.7970060167657,47,"Polynomial"
"6",0.632657027334515,40.5973319705219,42.7214825738285,47,"Linear"
