"","R-Squared","AIC Score","BIC Score","ID","Model"
"1",0.998853329900182,-11.908290489005,-10.3953650240348,130,"Gompertz"
"2",0.997281751010185,-3.2770330637522,-1.76410759878197,130,"Baranyi"
"3",0.996319485881406,-0.246387770777821,1.26653769419241,130,"Buchanan"
"4",0.971804931986045,18.11455843886,19.3248988108362,130,"Quadratic"
"5",0.995484955779109,1.79723755397911,3.31016301894934,130,"Polynomial"
"6",0.949196545811282,22.002731224734,22.9104865037161,130,"Linear"
