"","R-Squared","AIC Score","BIC Score","ID","Model"
"1",0.988564247971884,6.9312892758226,8.44421474079283,114,"Gompertz"
"2",NA,NA,NA,114,"Baranyi"
"3",NA,NA,NA,114,"Buchanan"
"4",0.990809085152992,2.74599816312516,3.95633853510134,114,"Quadratic"
"5",0.995140049367213,-1.62587383199076,-0.112948367020534,114,"Polynomial"
"6",0.876608615633107,26.7174562709191,27.6252115499012,114,"Linear"
