"","R-Squared","AIC Score","BIC Score","ID","Model"
"1",0.995247200466283,-25.1101997988242,-20.9441330785431,72,"Gompertz"
"2",0.989903327147769,-12.3011736049269,-8.13510688464586,72,"Baranyi"
"3",NA,NA,NA,72,"Buchanan"
"4",0.65495346785784,45.7338730850697,49.0667264612945,72,"Quadratic"
"5",0.805710566830386,37.9702577656841,42.1363244859652,72,"Polynomial"
"6",0.45712433799037,51.4382905371802,53.9379305693488,72,"Linear"
