"","R-Squared","AIC Score","BIC Score","ID","Model"
"1",0.99703274299813,-9.10856154733348,-7.59563608236325,219,"Gompertz"
"2",0.994326449386669,-2.62678980186118,-1.11386433689094,219,"Baranyi"
"3",0.994324973668845,-2.62418909193907,-1.11126362696884,219,"Buchanan"
"4",0.916689102935242,22.2408524531914,23.4511928251676,219,"Quadratic"
"5",0.951854289171135,18.7573794251556,20.2703048901259,219,"Polynomial"
"6",0.545895827371044,37.1983251444862,38.1060804234684,219,"Linear"
