"","R-Squared","AIC Score","BIC Score","ID","Model"
"1",0.973690682530241,-2.53385205972664,1.00639894578441,85,"Gompertz"
"2",NA,NA,NA,85,"Baranyi"
"3",NA,NA,NA,85,"Buchanan"
"4",0.62712001706202,35.2361497419897,38.0683505463985,85,"Quadratic"
"5",0.794656755889424,28.2875447544768,31.8277957599879,85,"Polynomial"
"6",0.366964897408583,41.1751887714456,43.2993393747522,85,"Linear"
