"","R-Squared","AIC Score","BIC Score","ID","Model"
"1",0.157055365222923,31.9568615934643,30.9156589396046,174,"Gompertz"
"2",NA,NA,NA,174,"Baranyi"
"3",NA,NA,NA,174,"Buchanan"
"4",0.988634098146006,4.11916076363111,3.28619864054333,174,"Quadratic"
"5",0.9971980676416,-2.28269024016633,-3.32389289402606,174,"Polynomial"
"6",0.987695588877894,2.59520087232177,1.97047928000593,174,"Linear"
