"","R-Squared","AIC Score","BIC Score","ID","Model"
"1",0.73359083942526,55.4519607097196,58.2767074970272,126,"Gompertz"
"2",NA,NA,NA,126,"Baranyi"
"3",0.993072914785733,8.00723605907683,10.8319828463845,126,"Buchanan"
"4",0.930591480794787,35.9666524859656,38.2264499158117,126,"Quadratic"
"5",0.985317325525348,17.7732139793891,20.5979607666968,126,"Polynomial"
"6",0.902778491143765,38.3474231194053,40.0422711917899,126,"Linear"
