"","R-Squared","AIC Score","BIC Score","ID","Model"
"1",NA,NA,NA,198,"Gompertz"
"2",NA,NA,NA,198,"Baranyi"
"3",NA,NA,NA,198,"Buchanan"
"4",0.987856267551994,6.88147275314939,6.04851063006161,198,"Quadratic"
"5",0.997693725764579,-1.08560635558278,-2.12680900944251,198,"Polynomial"
"6",0.987533566118509,5.0388320782286,4.41411048591276,198,"Linear"
