"","R-Squared","AIC Score","BIC Score","ID","Model"
"1",0.998780241626008,3.81957119203081,6.6443179793385,265,"Gompertz"
"2",NA,NA,NA,265,"Baranyi"
"3",NA,NA,NA,265,"Buchanan"
"4",0.992846004103023,24.8168088617153,27.0766062915614,265,"Quadratic"
"5",0.996807613151018,16.3270802386569,19.1518270259646,265,"Polynomial"
"6",0.800946295403116,66.0535555753104,67.748403647695,265,"Linear"
