"","R-Squared","AIC Score","BIC Score","ID","Model"
"1",0.990116389964812,9.4824207713493,10.4685436580304,160,"Gompertz"
"2",0.992435926616736,7.07520894413395,8.06133183081505,160,"Baranyi"
"3",0.990701908917443,8.93280234491485,9.91892523159595,160,"Buchanan"
"4",0.93179393724447,24.8673213910241,25.656219700369,160,"Quadratic"
"5",0.993722589980719,5.39713757546764,6.38326046214874,160,"Polynomial"
"6",0.930051506475557,23.0943527523142,23.6860264843228,160,"Linear"
