"m","niches","theta"
0.0617397901209561,1,95626580.6806194
