"","R-Squared","AIC Score","BIC Score","ID","Model"
"1",0.994531801068374,-73.8252258531938,-67.1642033023178,22,"Gompertz"
"2",NA,NA,NA,22,"Baranyi"
"3",0.957698829784905,-16.540993223208,-9.87997067233199,22,"Buchanan"
"4",0.984035246019904,-45.8250705817686,-40.4962525410677,22,"Quadratic"
"5",0.992860666141632,-66.3584609365746,-59.6974383856986,22,"Polynomial"
"6",0.858383859121603,13.2915583600708,17.2881718905965,22,"Linear"
