"","R-Squared","AIC Score","BIC Score","ID","Model"
"1",0.949380405345715,-1.17364148544316,2.02164516263313,55,"Gompertz"
"2",0.949039773620757,-1.07974760029826,2.11553904777803,55,"Baranyi"
"3",NA,NA,NA,55,"Buchanan"
"4",0.799800179619325,16.0760396255835,18.6322689440446,55,"Quadratic"
"5",0.884158723213808,10.4167093578422,13.6119960059185,55,"Polynomial"
"6",0.41708284830961,29.0382470212928,30.9554190101385,55,"Linear"
