"","R-Squared","AIC Score","BIC Score","ID","Model"
"1",0.988414911668067,6.40211607172208,5.36091341786236,141,"Gompertz"
"2",NA,NA,NA,141,"Baranyi"
"3",NA,NA,NA,141,"Buchanan"
"4",0.988924036527256,4.13246722107605,3.29950509798827,141,"Quadratic"
"5",0.990814190930208,5.00976218115189,3.96855952729216,141,"Polynomial"
"6",0.950658156033603,11.096438274801,10.4717166824852,141,"Linear"
