"","R-Squared","AIC Score","BIC Score","ID","Model"
"1",NA,NA,NA,58,"Gompertz"
"2",NA,NA,NA,58,"Baranyi"
"3",NA,NA,NA,58,"Buchanan"
"4",0.643467149270284,44.3251263609217,47.4154812498808,58,"Quadratic"
"5",0.802722957700124,36.8560489751295,40.7189925863284,58,"Polynomial"
"6",0.348093356622014,51.9807260913725,54.2984922580919,58,"Linear"
