"","R-Squared","AIC Score","BIC Score","ID","Model"
"1",0.99580539793967,-24.4291100540173,-20.8888590485062,61,"Gompertz"
"2",0.9972102735533,-30.5469340295376,-27.0066830240265,61,"Baranyi"
"3",NA,NA,NA,61,"Buchanan"
"4",0.665551575243298,39.2511530457596,42.0833538501684,61,"Quadratic"
"5",0.810376215335482,32.7395432491726,36.2797942546837,61,"Polynomial"
"6",0.436404074065627,45.0789760919992,47.2031266953059,61,"Linear"
