"","R-Squared","AIC Score","BIC Score","ID","Model"
"1",NA,NA,NA,60,"Gompertz"
"2",0.751352159135288,43.5107442256233,47.3736878368222,60,"Baranyi"
"3",NA,NA,NA,60,"Buchanan"
"4",0.682322730196388,45.4307184803952,48.5210733693543,60,"Quadratic"
"5",0.855447122267745,34.8324686222038,38.6954122334027,60,"Polynomial"
"6",0.393294770501305,53.7828314704062,56.1005976371255,60,"Linear"
