"","R-Squared","AIC Score","BIC Score","ID","Model"
"1",0.0675835374962472,27.1779924145145,32.4006046031316,40,"Gompertz"
"2",0.70162465564158,3.25001860447712,8.47263079309423,40,"Baranyi"
"3",NA,NA,NA,40,"Buchanan"
"4",0.533024700932051,10.6564252234025,14.8345149742962,40,"Quadratic"
"5",0.838877590368255,-9.68992633798413,-4.46731414936702,40,"Polynomial"
"6",0.00186668965036829,24.6082453330864,27.7418126462567,40,"Linear"
