"","R-Squared","AIC Score","BIC Score","ID","Model"
"1",0.994996102180521,3.69414130501653,2.65293865115681,131,"Gompertz"
"2",NA,NA,NA,131,"Baranyi"
"3",NA,NA,NA,131,"Buchanan"
"4",0.988732277216846,6.56449175471433,5.73152963162654,131,"Quadratic"
"5",0.994307753777276,4.46746789109191,3.42626523723219,131,"Polynomial"
"6",0.84757435382813,20.1928997356238,19.568178143308,131,"Linear"
