"","R-Squared","AIC Score","BIC Score","ID","Model"
"1",0.991331050389939,26.0758762495243,28.5004094984643,266,"Gompertz"
"2",NA,NA,NA,266,"Baranyi"
"3",NA,NA,NA,266,"Buchanan"
"4",0.986537301031224,29.3579785372573,31.2976051364093,266,"Quadratic"
"5",0.98830228349992,29.6716284968593,32.0961617457993,266,"Polynomial"
"6",0.87519181158617,54.0802414678734,55.5349614172374,266,"Linear"
