"","R-Squared","AIC Score","BIC Score","ID","Model"
"1",0.117398735848152,55.2504795684004,58.4457662164767,236,"Gompertz"
"2",NA,NA,NA,236,"Baranyi"
"3",NA,NA,NA,236,"Buchanan"
"4",0.919954849792194,19.6465221034415,22.2027514219025,236,"Quadratic"
"5",0.944316544716058,16.5658131433418,19.7610997914181,236,"Polynomial"
"6",0.667618105607804,37.5782344507003,39.4954064395461,236,"Linear"
