"","R-Squared","AIC Score","BIC Score","ID","Model"
"1",0.200778502538946,62.6790376510085,65.8743242990848,247,"Gompertz"
"2",NA,NA,NA,247,"Baranyi"
"3",NA,NA,NA,247,"Buchanan"
"4",0.908893450916176,30.2765195601638,32.8327488786248,247,"Quadratic"
"5",0.977348365715231,12.791351935748,15.9866385838243,247,"Polynomial"
"6",0.908793784118454,28.2918266101927,30.2089985990385,247,"Linear"
