"","R-Squared","AIC Score","BIC Score","ID","Model"
"1",0.995974109015019,-72.3098649796947,-65.6488424288187,1,"Gompertz"
"2",NA,NA,NA,1,"Baranyi"
"3",NA,NA,NA,1,"Buchanan"
"4",0.934979867982209,3.58475451363071,8.91357255433153,1,"Quadratic"
"5",0.987590443275394,-40.7896873322186,-34.1286647813426,1,"Polynomial"
"6",0.714849861402188,42.9776836677899,46.9742971983155,1,"Linear"
