"","R-Squared","AIC Score","BIC Score","ID","Model"
"1",0.916355176927068,14.8144862773842,20.9088654017252,36,"Gompertz"
"2",NA,NA,NA,36,"Baranyi"
"3",NA,NA,NA,36,"Buchanan"
"4",0.609363359084491,51.3444433579652,56.219946657438,36,"Quadratic"
"5",0.817478126609535,34.3217483390801,40.4161274634211,36,"Polynomial"
"6",0.152283879467567,68.7136432437821,72.3702707183867,36,"Linear"
