"","R-Squared","AIC Score","BIC Score","ID","Model"
"1",0.998666627737326,-12.0499493231176,-10.5370238581474,136,"Gompertz"
"2",0.994636848138834,1.86845634715522,3.38138181212545,136,"Baranyi"
"3",0.994141839372446,2.75129466890803,4.26422013387826,136,"Buchanan"
"4",0.965910690847344,18.3627761920595,19.5731165640357,136,"Quadratic"
"5",0.982724003026948,13.5661187854462,15.0790442504164,136,"Polynomial"
"6",0.919534550642026,24.9512169042686,25.8589721832508,136,"Linear"
