"","R-Squared","AIC Score","BIC Score","ID","Model"
"1",0.997180622911402,1.1744490125687,2.1605718992498,164,"Gompertz"
"2",NA,NA,NA,164,"Baranyi"
"3",NA,NA,NA,164,"Buchanan"
"4",0.966521386071621,21.4439668857116,22.2328651950565,164,"Quadratic"
"5",0.992091780104738,10.4569296871892,11.4430525738703,164,"Polynomial"
"6",0.944401522709032,24.0092076089871,24.6008813409957,164,"Linear"
