"","R-Squared","AIC Score","BIC Score","ID","Model"
"1",0.997255294421954,17.3227432099727,20.1474899972804,261,"Gompertz"
"2",NA,NA,NA,261,"Baranyi"
"3",NA,NA,NA,261,"Buchanan"
"4",0.994139919810445,25.1831063986624,27.4429038285086,261,"Quadratic"
"5",0.996434522689992,20.7238567834636,23.5486035707713,261,"Polynomial"
"6",0.883361905735728,62.0649707419979,63.7598188143825,261,"Linear"
