"","R-Squared","AIC Score","BIC Score","ID","Model"
"1",0.993911460510587,5.60963972291375,7.12256518788398,151,"Gompertz"
"2",0.991480510024594,8.96912217453597,10.4820476395062,151,"Baranyi"
"3",NA,NA,NA,151,"Buchanan"
"4",0.950666356550611,24.531620116582,25.7419604885582,151,"Quadratic"
"5",0.984472575984289,14.9716349235489,16.4845603885191,151,"Polynomial"
"6",0.91403452725289,28.0850147639988,28.992770042981,151,"Linear"
