"","R-Squared","AIC Score","BIC Score","ID","Model"
"1",0.974698155778394,2.80726262826565,5.23179587720565,45,"Gompertz"
"2",NA,NA,NA,45,"Baranyi"
"3",NA,NA,NA,45,"Buchanan"
"4",0.846856691865153,22.4132248315058,24.3528514306578,45,"Quadratic"
"5",0.916356177715895,17.1555460547559,19.5800793036959,45,"Polynomial"
"6",0.655052355874117,30.1574469740284,31.6121669233924,45,"Linear"
