"","R-Squared","AIC Score","BIC Score","ID","Model"
"1",NA,NA,NA,108,"Gompertz"
"2",NA,NA,NA,108,"Baranyi"
"3",NA,NA,NA,108,"Buchanan"
"4",0.94779197147978,27.4415432358208,29.701340665667,108,"Quadratic"
"5",0.99389966813083,1.53193278436926,4.35667957167694,108,"Polynomial"
"6",0.942607116301968,26.672435653407,28.3672837257917,108,"Linear"
