"","R-Squared","AIC Score","BIC Score","ID","Model"
"1",0.996044433136488,0.803620040747937,1.20082774914712,211,"Gompertz"
"2",NA,NA,NA,211,"Baranyi"
"3",NA,NA,NA,211,"Buchanan"
"4",0.986307401201322,8.73747231203919,9.05523847875854,211,"Quadratic"
"5",0.99856507615792,-7.30847710476283,-6.91126939636365,211,"Polynomial"
"6",0.970454456597973,12.8900920224223,13.1284166474618,211,"Linear"
