"","R-Squared","AIC Score","BIC Score","ID","Model"
"1",0.841476884578936,28.224745181077,33.257131333163,25,"Logistic"
"2",0.869382264108757,25.1904845072496,31.480967197357,25,"Gompertz"
"3",NA,NA,NA,25,"Baranyi"
"4",NA,NA,NA,25,"Buchanan"
"5",0.421696100784932,61.8739214271146,66.9063075792006,25,"Quadratic"
"6",0.735825460153626,43.5031947595343,49.7936774496417,25,"Polynomial"
"7",0.0579147954452076,72.5618229779163,76.3361125919808,25,"Linear"
