"","R-Squared","AIC Score","BIC Score","ID","Model"
"1",0.997460189346625,-0.495728121294947,-2.05797647155855,234,"Logistic"
"2",0.999856518382864,-12.8639175608203,-14.8167279986498,234,"Gompertz"
"3",NA,NA,NA,234,"Baranyi"
"4",NA,NA,NA,234,"Buchanan"
"5",0.992226649689962,5.09733050091781,3.53508215065421,234,"Quadratic"
"6",0.999472927462178,-6.35826126791044,-8.31107170573993,234,"Polynomial"
"7",0.822480468669827,18.7392274096478,17.5675411469501,234,"Linear"
