"","R-Squared","AIC Score","BIC Score","ID","Model"
"1",0.939489350156738,-1.80925833327352,1.02294247113532,74,"Logistic"
"2",0.960388336050233,-6.1646947473068,-2.62444374179575,74,"Gompertz"
"3",0.966626625558004,-8.73517288831282,-5.19492188280177,74,"Baranyi"
"4",NA,NA,NA,74,"Buchanan"
"5",0.565085362332515,27.7756976153136,30.6078984197225,74,"Quadratic"
"6",0.768133284612467,20.340891525588,23.881142531099,74,"Polynomial"
"7",0.270532734515974,33.5331683828214,35.657318986128,74,"Linear"
