"","R-Squared","AIC Score","BIC Score","ID","Model"
"1",0.97972270136296,-9.37166926733312,-6.281314378374,75,"Logistic"
"2",0.981844942177236,-9.14051369513884,-5.27757008393993,75,"Gompertz"
"3",0.98167195569462,-8.98878293197803,-5.12583932077912,75,"Baranyi"
"4",0.968461045776922,-0.304125950960811,3.55881766023809,75,"Buchanan"
"5",0.637662689396255,36.7575084714066,39.8478633603658,75,"Quadratic"
"6",0.766568079040271,31.7225468764987,35.5854904876976,75,"Polynomial"
"7",0.494962674965246,40.0704166679486,42.3881828346679,75,"Linear"
