"","R-Squared","AIC Score","BIC Score","ID","Model"
"1",0.991371274933101,35.3733061014786,38.4636609904377,252,"Logistic"
"2",0.990499514262737,38.913244758186,42.7761883693849,252,"Gompertz"
"3",NA,NA,NA,252,"Baranyi"
"4",NA,NA,NA,252,"Buchanan"
"5",0.982498627108676,46.6882271781475,49.7785820671066,252,"Quadratic"
"6",0.994509264536046,30.1407532910141,34.003696902213,252,"Polynomial"
"7",0.961680989094104,57.2268961789733,59.5446623456926,252,"Linear"
