"","R-Squared","AIC Score","BIC Score","ID","Model"
"1",0.995433427971039,0.521173481201141,-1.04107486906246,188,"Logistic"
"2",0.0604728371708975,29.154243031576,27.2014325937465,188,"Gompertz"
"3",NA,NA,NA,188,"Baranyi"
"4",NA,NA,NA,188,"Buchanan"
"5",0.995689110213365,0.233081028487852,-1.32916732177575,188,"Quadratic"
"6",0.998835670295827,-4.31191281958496,-6.26472325741446,188,"Polynomial"
"7",0.935797189655876,11.7375943022131,10.5659080395154,188,"Linear"
