"","R-Squared","AIC Score","BIC Score","ID","Model"
"1",0.999500007892087,-6.29191913194281,-8.74674168746325,202,"Logistic"
"2",NA,NA,NA,202,"Gompertz"
"3",NA,NA,NA,202,"Baranyi"
"4",NA,NA,NA,202,"Buchanan"
"5",0.999521800122468,-6.47017319274784,-8.92499574826828,202,"Quadratic"
"6",1,-Inf,-Inf,202,"Polynomial"
"7",0.658678648905268,17.8120303758917,15.9709134592514,202,"Linear"
