"","R-Squared","AIC Score","BIC Score","ID","Model"
"1",0.998724176365368,4.97749635478863,6.18783672676481,267,"Logistic"
"2",0.393040080765683,68.6262043544579,70.1391298194281,267,"Gompertz"
"3",NA,NA,NA,267,"Baranyi"
"4",NA,NA,NA,267,"Buchanan"
"5",0.996517343886603,15.0195293111649,16.2298696831411,267,"Quadratic"
"6",0.998073679621271,11.0976932112014,12.6106186761716,267,"Polynomial"
"7",0.847573739779556,50.8083861704834,51.7161414494655,267,"Linear"
