"","R-Squared","AIC Score","BIC Score","ID","Model"
"1",0.976283434233943,-2.08593799961484,0.47029131884619,67,"Logistic"
"2",0.957252616789767,8.1619408089515,11.3572274570278,67,"Gompertz"
"3",NA,NA,NA,67,"Baranyi"
"4",NA,NA,NA,67,"Buchanan"
"5",0.747462572326864,31.0294615861609,33.585690904622,67,"Quadratic"
"6",0.811973022878442,28.8998253302939,32.0951119783702,67,"Polynomial"
"7",0.56884036544735,36.5183267067216,38.4354986955674,67,"Linear"
