"","R-Squared","AIC Score","BIC Score","ID","Model"
"1",0.891195072967244,25.3352101226113,28.4255650115704,58,"Logistic"
"2",NA,NA,NA,58,"Gompertz"
"3",NA,NA,NA,58,"Baranyi"
"4",NA,NA,NA,58,"Buchanan"
"5",0.643467149270284,44.3251263609217,47.4154812498808,58,"Quadratic"
"6",0.802722957700124,36.8560489751295,40.7189925863284,58,"Polynomial"
"7",0.348093356622014,51.9807260913725,54.2984922580919,58,"Linear"
