"","R-Squared","AIC Score","BIC Score","ID","Model"
"1",0.923630987172821,8.47607751887244,13.8048955595733,3,"Logistic"
"2",0.996508677035659,-75.9122184714689,-69.2511959205929,3,"Gompertz"
"3",0.994680122213409,-64.1194698567451,-57.4584473058691,3,"Baranyi"
"4",NA,NA,NA,3,"Buchanan"
"5",0.622752100664475,53.2011917047896,58.5300097454905,3,"Quadratic"
"6",0.855506576895469,28.3304726519455,34.9914952028215,3,"Polynomial"
"7",0.260179451628343,70.0593352137117,74.0559487442373,3,"Linear"
