"","R-Squared","AIC Score","BIC Score","ID","Model"
"1",0.968450086204018,10.4067303341343,11.1956286434792,239,"Logistic"
"2",0.989297332271807,2.67702990103025,3.66315278771135,239,"Gompertz"
"3",0.975912489200574,9.97783396270658,10.9639568493877,239,"Baranyi"
"4",0.972197638949221,11.268681146739,12.2548040334201,239,"Buchanan"
"5",0.917694261027432,19.0365601624039,19.8254584717488,239,"Quadratic"
"6",0.936891082643299,18.6463513492585,19.6324742359396,239,"Polynomial"
"7",0.75881646443364,26.7126164421393,27.3042901741479,239,"Linear"
