"","R-Squared","AIC Score","BIC Score","ID","Model"
"1",0.997957127576101,-5.878600182773,-7.4408485330366,192,"Logistic"
"2",0.15771448574029,26.2302107118314,24.2774002740019,192,"Gompertz"
"3",NA,NA,NA,192,"Baranyi"
"4",NA,NA,NA,192,"Buchanan"
"5",0.996249348592274,-2.84073685671891,-4.40298520698251,192,"Quadratic"
"6",0.999999359674645,-44.2180552421747,-46.1708656800042,192,"Polynomial"
"7",0.925215094910197,10.1226957801776,8.95100951747992,192,"Linear"
