"","R-Squared","AIC Score","BIC Score","ID","Model"
"1",0.991264687415312,30.526735611368,33.0829649298291,258,"Logistic"
"2",0.991834972518815,31.5815447058334,34.7768313539097,258,"Gompertz"
"3",0.990909703268966,33.0844091344663,36.2796957825426,258,"Baranyi"
"4",NA,NA,NA,258,"Buchanan"
"5",0.991552911405718,30.0570091330022,32.6132384514632,258,"Quadratic"
"6",0.992101537695297,31.1168567535213,34.3121434015976,258,"Polynomial"
"7",0.924585882610748,58.7054262865201,60.6225982753659,258,"Linear"
