"","R-Squared","AIC Score","BIC Score","ID","Model"
"1",NA,NA,NA,199,"Logistic"
"2",NA,NA,NA,199,"Gompertz"
"3",NA,NA,NA,199,"Baranyi"
"4",NA,NA,NA,199,"Buchanan"
"5",0.932002669413587,20.9208055589297,20.704446155151,199,"Quadratic"
"6",0.985422308895392,12.1409728957821,11.8705236410587,199,"Polynomial"
"7",0.899410883058961,21.6618349128569,21.4995653600228,199,"Linear"
