"","R-Squared","AIC Score","BIC Score","ID","Model"
"1",0.998011404719655,-4.00138449478717,-3.21248618544229,256,"Logistic"
"2",0.998396073439449,-3.93614848780472,-2.95002560112362,256,"Gompertz"
"3",0.997857096645996,-1.32878644348972,-0.34266355680862,256,"Baranyi"
"4",NA,NA,NA,256,"Buchanan"
"5",0.997803326567206,-3.10574373644755,-2.31684542710268,256,"Quadratic"
"6",0.998238997393271,-3.09529120872581,-2.10916832204471,256,"Polynomial"
"7",0.996204364621169,-0.183574597867363,0.408099134141295,256,"Linear"
