"","R-Squared","AIC Score","BIC Score","ID","Model"
"1",0.997514609945841,-15.6371071931283,-14.8482088837834,222,"Logistic"
"2",0.999542245348022,-28.8637710841755,-27.8776481974944,222,"Gompertz"
"3",NA,NA,NA,222,"Baranyi"
"4",NA,NA,NA,222,"Buchanan"
"5",0.977309779086366,4.26643262499741,5.05533093434229,222,"Quadratic"
"6",0.999345083469382,-25.6402010599536,-24.6540781732725,222,"Polynomial"
"7",0.705081995881815,25.3493026008534,25.940976332862,222,"Linear"
