"","R-Squared","AIC Score","BIC Score","ID","Model"
"1",0.989489251357776,8.93893147275725,11.1987289026034,103,"Logistic"
"2",0.990522994239274,9.59304153229385,12.4177883196015,103,"Gompertz"
"3",NA,NA,NA,103,"Baranyi"
"4",NA,NA,NA,103,"Buchanan"
"5",0.98882611055394,9.73428893644565,11.9940863662918,103,"Quadratic"
"6",0.995643652736203,-0.511006911289083,2.3137398760186,103,"Polynomial"
"7",0.928851664754374,31.799722137564,33.4945702099486,103,"Linear"
