"","R-Squared","AIC Score","BIC Score","ID","Model"
"1",0.947830825063546,19.3035306569062,22.6363840331311,231,"Logistic"
"2",NA,NA,NA,231,"Gompertz"
"3",NA,NA,NA,231,"Baranyi"
"4",NA,NA,NA,231,"Buchanan"
"5",0.97139892018517,9.08572606171646,12.4185794379413,231,"Quadratic"
"6",0.979170386208847,5.69555716268502,9.8616238829661,231,"Polynomial"
"7",0.825437277853759,37.8359999998019,40.3356400319706,231,"Linear"
