"","R-Squared","AIC Score","BIC Score","ID","Model"
"1",0.997291853265916,-0.524453823381627,-0.740813227160374,155,"Logistic"
"2",0.996325965592196,3.61072686744762,3.34027761272418,155,"Gompertz"
"3",0.999721950092602,-14.4579882050244,-14.7284374597479,155,"Baranyi"
"4",NA,NA,NA,155,"Buchanan"
"5",0.956402422674644,18.9267054838432,18.7103460800644,155,"Quadratic"
"6",0.993562437006479,7.53674476309398,7.26629550837055,155,"Polynomial"
"7",0.921689781120288,21.0264411302947,20.8641715774607,155,"Linear"
