"","R-Squared","AIC Score","BIC Score","ID","Model"
"1",0.967543941816959,4.11017281031937,7.20052769927849,66,"Logistic"
"2",0.970857984565355,4.38687430872416,8.24981791992307,66,"Gompertz"
"3",NA,NA,NA,66,"Baranyi"
"4",NA,NA,NA,66,"Buchanan"
"5",0.793158975192259,33.7431869468064,36.8335418357656,66,"Quadratic"
"6",0.883121542126261,26.6101320851943,30.4730756963932,66,"Polynomial"
"7",0.478381626040516,46.5429586913491,48.8607248580685,66,"Linear"
