"","R-Squared","AIC Score","BIC Score","ID","Model"
"1",0.993395082091241,2.80409399128594,5.36032330974698,138,"Logistic"
"2",0.994758770422583,1.56647658363751,4.7617632317138,138,"Gompertz"
"3",0.976517973287459,22.5619851708007,25.757271818877,138,"Baranyi"
"4",0.994449136131655,2.37004080824296,5.56532745631925,138,"Buchanan"
"5",0.969851650347078,24.0605134349767,26.6167427534378,138,"Quadratic"
"6",0.99340297495605,4.7873540128015,7.98264066087779,138,"Polynomial"
"7",0.969846077468398,22.0631010755054,23.9802730643512,138,"Linear"
