"","R-Squared","AIC Score","BIC Score","ID","Model"
"1",0.00319013736329932,36.7299930264978,42.0588110671986,14,"Logistic"
"2",NA,NA,NA,14,"Gompertz"
"3",NA,NA,NA,14,"Baranyi"
"4",NA,NA,NA,14,"Buchanan"
"5",0.615883622390762,10.0287878967468,15.3576059374477,14,"Quadratic"
"6",0.620734310733581,11.6729474664273,18.3339700173033,14,"Polynomial"
"7",0.00356450763067062,34.7194751365819,38.7160886671076,14,"Linear"
