"","R-Squared","AIC Score","BIC Score","ID","Model"
"1",0.832879276258071,0.60005349372774,0.383694089948992,273,"Logistic"
"2",NA,NA,NA,273,"Gompertz"
"3",0.850258718407675,1.83140146719999,1.56095221247655,273,"Baranyi"
"4",NA,NA,NA,273,"Buchanan"
"5",0.823642180291857,0.976643342101914,0.760283938323167,273,"Quadratic"
"6",0.844305075501247,2.10432772084116,1.83387846611773,273,"Polynomial"
"7",0.771986089544583,0.774884823389312,0.612615270555252,273,"Linear"
