"","R-Squared","AIC Score","BIC Score","ID","Model"
"1",0.988441889703834,1.72733548785631,2.04510165457565,249,"Logistic"
"2",0.995469387418031,-3.76490629239686,-3.36769858399768,249,"Gompertz"
"3",NA,NA,NA,249,"Baranyi"
"4",NA,NA,NA,249,"Buchanan"
"5",0.867180347045307,21.2601741639988,21.5779403307181,249,"Quadratic"
"6",0.984401153598503,6.12581214551435,6.52301985391352,249,"Polynomial"
"7",0.574149980314287,28.5809341848329,28.8192588098724,249,"Linear"
