"","R-Squared","AIC Score","BIC Score","ID","Model"
"1",0.981401784356907,87.2218703023603,97.1312175602731,283,"Logistic"
"2",0.981073302045873,90.762563083581,103.149247155972,283,"Gompertz"
"3",NA,NA,NA,283,"Baranyi"
"4",NA,NA,NA,283,"Buchanan"
"5",0.969978813140034,129.359589496508,139.268936754421,283,"Quadratic"
"6",0.970007036387531,131.276820818012,143.663504890403,283,"Polynomial"
"7",0.807454584096795,290.90131435782,298.333324801254,283,"Linear"
