"","R-Squared","AIC Score","BIC Score","ID","Model"
"1",0.987115639212442,-1.06063806837272,-1.8936001914605,167,"Logistic"
"2",0.578897050030703,21.8605405718006,20.8193379179409,167,"Gompertz"
"3",NA,NA,NA,167,"Baranyi"
"4",NA,NA,NA,167,"Buchanan"
"5",0.986237270094965,-0.664938228859681,-1.49790035194746,167,"Quadratic"
"6",0.990119177408611,-0.653148872203026,-1.69435152606275,167,"Polynomial"
"7",0.985850069271357,-2.49846509994316,-3.12318669225899,167,"Linear"
