"","R-Squared","AIC Score","BIC Score","ID","Model"
"1",0.980112475757269,-27.6432726124422,-22.3144545717414,24,"Logistic"
"2",0.991888207620093,-50.7529379016298,-44.0919153507538,24,"Gompertz"
"3",0.992690269479497,-53.6680863265326,-47.0070637756565,24,"Baranyi"
"4",NA,NA,NA,24,"Buchanan"
"5",0.635932979763973,53.7595974552228,59.0884154959237,24,"Quadratic"
"6",0.749208001781725,45.3236035233065,51.9846260741825,24,"Polynomial"
"7",0.414424352663737,65.066804759761,69.0634182902866,24,"Linear"
