"","R-Squared","AIC Score","BIC Score","ID","Model"
"1",0.971602486526354,0.721234002549823,-0.111728120537957,171,"Logistic"
"2",0.998708300139545,-15.8208210896447,-16.8620237435044,171,"Gompertz"
"3",0.999069319007812,-17.7876077897915,-18.8288104436512,171,"Baranyi"
"4",NA,NA,NA,171,"Buchanan"
"5",0.992070780730526,-6.93324805485101,-7.76621017793879,171,"Quadratic"
"6",0.997339307548273,-11.4850570683003,-12.52625972216,171,"Polynomial"
"7",0.947471689299288,2.41153813118972,1.78681653887388,171,"Linear"
