"","R-Squared","AIC Score","BIC Score","ID","Model"
"1",0.988503613969872,10.8024030456072,12.3939841368007,110,"Logistic"
"2",0.996293415041784,0.351263559488844,2.3407399234807,110,"Gompertz"
"3",NA,NA,NA,110,"Baranyi"
"4",0.992699631485079,7.80721615271541,9.79669251670726,110,"Buchanan"
"5",0.99590468549181,-0.551678268762945,1.03990282243054,110,"Quadratic"
"6",0.996284249383517,0.378430828111636,2.36790719210349,110,"Polynomial"
"7",0.959781987569606,22.5775076630483,23.7711934814434,110,"Linear"
