"","R-Squared","AIC Score","BIC Score","ID","Model"
"1",0.904256186274991,12.5784761703426,15.6688310593017,57,"Logistic"
"2",0.996548788746354,-38.5887359883421,-34.7257923771432,57,"Gompertz"
"3",0.996905543009615,-40.3345410134213,-36.4715974022223,57,"Baranyi"
"4",0.994255641079442,-30.4368470519621,-26.5739034407632,57,"Buchanan"
"5",0.359013833515296,42.9997859012746,46.0901407902338,57,"Quadratic"
"6",0.514777495940587,40.545380804474,44.4083244156729,57,"Polynomial"
"7",0.219746319333095,44.1455654675282,46.4633316342476,57,"Linear"
