"","R-Squared","AIC Score","BIC Score","ID","Model"
"1",0.997458313536395,-3.86855794915815,-2.65821757718197,165,"Logistic"
"2",0.996506389164752,1.3125220697065,2.82544753467673,165,"Gompertz"
"3",NA,NA,NA,165,"Baranyi"
"4",0.997631349192484,-2.57363104153268,-1.06070557656245,165,"Buchanan"
"5",0.962045633220523,23.1670094620472,24.3773498340234,165,"Quadratic"
"6",0.998832425423858,-9.6475503236839,-8.13462485871367,165,"Polynomial"
"7",0.960985513921515,21.4424939740339,22.3502492530161,165,"Linear"
