"","R-Squared","AIC Score","BIC Score","ID","Model"
"1",0.570244330655352,41.6379807440018,44.9708341202267,83,"Logistic"
"2",NA,NA,NA,83,"Gompertz"
"3",NA,NA,NA,83,"Baranyi"
"4",0.775161877139071,32.624766244212,36.790832964493,83,"Buchanan"
"5",0.180746660878351,52.6059817035088,55.9388350797336,83,"Quadratic"
"6",0.438507620750503,48.183463959015,52.3495306792961,83,"Polynomial"
"7",0.00151835787187815,53.969302568767,56.4689426009357,83,"Linear"
