"","R-Squared","AIC Score","BIC Score","ID","Model"
"1",0.99186358986537,2.94094714825082,3.72984545759569,140,"Logistic"
"2",0.99576629238484,-0.938491432516125,0.0476314541649732,140,"Gompertz"
"3",0.991828556082205,4.97961618864394,5.96573907532503,140,"Baranyi"
"4",NA,NA,NA,140,"Buchanan"
"5",0.982528727033238,9.81882742847906,10.6077257378239,140,"Quadratic"
"6",0.991044203081501,5.80451474931272,6.79063763599382,140,"Polynomial"
"7",0.948636614678408,17.5241356793468,18.1158094113555,140,"Linear"
