"","R-Squared","AIC Score","BIC Score","ID","Model"
"1",0.989063650720282,7.18921051798892,9.12883711714092,122,"Logistic"
"2",0.997352422809917,-7.83215448437616,-5.40762123543616,122,"Gompertz"
"3",NA,NA,NA,122,"Baranyi"
"4",NA,NA,NA,122,"Buchanan"
"5",0.994922861545851,-2.0189202538359,-0.0792936546838963,122,"Quadratic"
"6",0.996816130651727,-5.61872713158237,-3.19419388264237,122,"Polynomial"
"7",0.971402748884146,16.7238332492538,18.1785531986178,122,"Linear"
