"","R-Squared","AIC Score","BIC Score","ID","Model"
"1",0.976161896710284,17.9353998125304,17.7190404087516,276,"Logistic"
"2",0.983850940623987,17.2094354942798,16.9389862395564,276,"Gompertz"
"3",NA,NA,NA,276,"Baranyi"
"4",NA,NA,NA,276,"Buchanan"
"5",0.954179729797571,22.5094888776161,22.2931294738374,276,"Quadratic"
"6",0.984926046971229,16.7271808848871,16.4567316301636,276,"Polynomial"
"7",0.800735425568574,30.798837089433,30.6365675365989,276,"Linear"
