"","R-Squared","AIC Score","BIC Score","ID","Model"
"1",0.761789115101026,43.5347418027155,45.4743684018675,139,"Logistic"
"2",0.990006311931357,7.48030998142368,9.90484323036368,139,"Gompertz"
"3",NA,NA,NA,139,"Baranyi"
"4",0.992698721629962,3.71345899863102,6.13799224757102,139,"Buchanan"
"5",0.969792554614334,18.7539267338991,20.6935533330511,139,"Quadratic"
"6",0.989361409154774,8.23072200396895,10.6552552529089,139,"Polynomial"
"7",0.909496154040745,29.921573733642,31.376293683006,139,"Linear"
