"","R-Squared","AIC Score","BIC Score","ID","Model"
"1",0.975833687872765,18.9852092329069,20.5767903241004,127,"Logistic"
"2",0.985856058947177,15.0928033261945,17.0822796901864,127,"Gompertz"
"3",NA,NA,NA,127,"Baranyi"
"4",NA,NA,NA,127,"Buchanan"
"5",0.985479586556964,13.3817639188671,14.9733450100606,127,"Quadratic"
"6",0.986778004488753,14.351353069163,16.3408294331548,127,"Polynomial"
"7",0.856447902335455,36.5843318171835,37.7780176355786,127,"Linear"
