"","R-Squared","AIC Score","BIC Score","ID","Model"
"1",0.989097831556333,9.12589867323339,9.91479698257827,146,"Logistic"
"2",0.990088527755837,10.2684793791116,11.2546022657927,146,"Gompertz"
"3",NA,NA,NA,146,"Baranyi"
"4",NA,NA,NA,146,"Buchanan"
"5",0.984871495305071,12.0744695220971,12.863367831442,146,"Quadratic"
"6",0.994928119054495,4.23864898584779,5.22477187252889,146,"Polynomial"
"7",0.953868469037161,20.1087134553656,20.7003871873743,146,"Linear"
