"","R-Squared","AIC Score","BIC Score","ID","Model"
"1",0.953874496889261,3.92229852548566,6.1820959553318,51,"Logistic"
"2",0.963875783137307,2.7450654769526,5.56981226426029,51,"Gompertz"
"3",0.961269080723628,3.65083737125949,6.47558415856717,51,"Baranyi"
"4",NA,NA,NA,51,"Buchanan"
"5",0.80181780651532,22.8739684946905,25.1337659245366,51,"Quadratic"
"6",0.91219640017363,14.2908728987334,17.115619686041,51,"Polynomial"
"7",0.423125274436212,34.7636670812844,36.458515153669,51,"Linear"
