"","R-Squared","AIC Score","BIC Score","ID","Model"
"1",0.991035451453372,4.95317189932543,5.27093806604477,135,"Logistic"
"2",0.990112241542727,7.73732969198844,8.13453740038762,135,"Gompertz"
"3",NA,NA,NA,135,"Baranyi"
"4",0.994624226360619,2.86216988408674,3.25937759248592,135,"Buchanan"
"5",0.980009903635636,11.3688456646046,11.686611831324,135,"Quadratic"
"6",0.993491887637765,4.39134554721765,4.78855325561683,135,"Polynomial"
"7",0.973545740332668,11.6102874424645,11.848612067504,135,"Linear"
