"","R-Squared","AIC Score","BIC Score","ID","Model"
"1",0.988753885345457,13.4947669250597,15.4343935242117,116,"Logistic"
"2",0.99227790287748,10.9835261672674,13.4080594162074,116,"Gompertz"
"3",NA,NA,NA,116,"Baranyi"
"4",NA,NA,NA,116,"Buchanan"
"5",0.987788349871971,14.4831795609089,16.4228061600609,116,"Quadratic"
"6",0.992763911663168,10.203463770643,12.627997019583,116,"Polynomial"
"7",0.959839491999961,26.7691039620468,28.2238239114108,116,"Linear"
