"","R-Squared","AIC Score","BIC Score","ID","Model"
"1",0.996739372195728,-5.5123063835381,-3.92072529234462,118,"Logistic"
"2",NA,NA,NA,118,"Gompertz"
"3",NA,NA,NA,118,"Baranyi"
"4",NA,NA,NA,118,"Buchanan"
"5",0.924433764462729,29.061681512255,30.6532626034485,118,"Quadratic"
"6",0.938955898827506,28.7141386162434,30.7036149802353,118,"Polynomial"
"7",0.822707425198623,36.4423909752874,37.6360767936825,118,"Linear"
