"","R-Squared","AIC Score","BIC Score","ID","Model"
"1",-0.753815414668804,32.805527318445,31.9725651953573,125,"Logistic"
"2",NA,NA,NA,125,"Gompertz"
"3",NA,NA,NA,125,"Baranyi"
"4",NA,NA,NA,125,"Buchanan"
"5",0.980326735789214,5.86379713877866,5.03083501569088,125,"Quadratic"
"6",0.991799476435941,2.61342174386894,1.57221909000922,125,"Polynomial"
"7",0.616683678828032,21.6813970477422,21.0566754554264,125,"Linear"
