"","R-Squared","AIC Score","BIC Score","ID","Model"
"1",0.925709979946473,19.2420508408095,20.0309491501544,172,"Logistic"
"2",0.989478885695163,3.65071835083368,4.63684123751478,172,"Gompertz"
"3",0.979287373399197,9.74695268812908,10.7330755748102,172,"Baranyi"
"4",NA,NA,NA,172,"Buchanan"
"5",0.916848335974475,20.2562571928637,21.0451555022086,172,"Quadratic"
"6",0.967606114126197,13.7719885094435,14.7581113961246,172,"Polynomial"
"7",0.910100323181243,18.9585103520814,19.5501840840901,172,"Linear"
