"","R-Squared","AIC Score","BIC Score","ID","Model"
"1",0.988302067500691,5.04394879456246,4.21098667147468,101,"Logistic"
"2",NA,NA,NA,101,"Gompertz"
"3",NA,NA,NA,101,"Baranyi"
"4",NA,NA,NA,101,"Buchanan"
"5",0.995178177633051,-0.273612259590685,-1.10657438267847,101,"Quadratic"
"6",0.996566237250278,-0.310583876919168,-1.35178653077889,101,"Polynomial"
"7",0.888817363300739,16.5545214431974,15.9297998508815,101,"Linear"
