"","R-Squared","AIC Score","BIC Score","ID","Model"
"1",0.990292660925128,50.825703072102,60.7802485510306,285,"Logistic"
"2",0.989467904743094,60.0832152838377,72.5263971324984,285,"Gompertz"
"3",0.989830163957838,56.9681086707993,69.41129051946,285,"Baranyi"
"4",NA,NA,NA,285,"Buchanan"
"5",0.969739342274701,152.015698328796,161.970243807724,285,"Quadratic"
"6",0.976318523372294,132.19687856338,144.64006041204,285,"Polynomial"
"7",0.747477317336565,338.842782673582,346.308691782779,285,"Linear"
