"","R-Squared","AIC Score","BIC Score","ID","Model"
"1",0.995901827749034,4.20784973123254,3.37488760814476,214,"Logistic"
"2",0.991013888574521,10.9186845028357,9.87748184897599,214,"Gompertz"
"3",0.995304909503686,7.02370756511218,5.98250491125246,214,"Baranyi"
"4",NA,NA,NA,214,"Buchanan"
"5",0.938744414485702,20.4349334640481,19.6019713409603,214,"Quadratic"
"6",0.996597190476031,5.09221176589254,4.05100911203282,214,"Polynomial"
"7",0.755494494233968,26.7400302028157,26.1153086104998,214,"Linear"
