"","R-Squared","AIC Score","BIC Score","ID","Model"
"1",0.834385416301744,39.335199091621,43.8771759553376,37,"Logistic"
"2",0.990521181921185,-24.4586853326498,-18.7812142530041,37,"Gompertz"
"3",0.990514384864101,-24.4421984365897,-18.764727356944,37,"Baranyi"
"4",0.990514367290333,-24.4421558250899,-18.7646847454441,37,"Buchanan"
"5",0.472740488817754,65.9698788460066,70.5118557097232,37,"Quadratic"
"6",0.748490664788815,50.9449855629794,56.6224566426252,37,"Polynomial"
"7",0.171063090109533,74.3762562147383,77.7827388625257,37,"Linear"
