"","R-Squared","AIC Score","BIC Score","ID","Model"
"1",0.99567074319732,-15.1877171296039,-12.9279196997577,221,"Logistic"
"2",0.197946975093237,54.6954077038934,57.5201544912011,221,"Gompertz"
"3",NA,NA,NA,221,"Baranyi"
"4",NA,NA,NA,221,"Buchanan"
"5",0.982779188875477,2.76167814384486,5.02147557369101,221,"Quadratic"
"6",0.988959972368975,-1.01800560840031,1.80674117890737,221,"Polynomial"
"7",0.901451146157453,23.4393175672113,25.1341656395959,221,"Linear"
