"","R-Squared","AIC Score","BIC Score","ID","Model"
"1",0.998265453250826,-10.9350132228851,-9.72467285090889,148,"Logistic"
"2",0.996604178544834,-2.21701769861373,-0.7040922336435,148,"Gompertz"
"3",0.995703883889304,0.134639225817978,1.64756469078821,148,"Baranyi"
"4",NA,NA,NA,148,"Buchanan"
"5",0.949300682435692,22.8166498834763,24.0269902554525,148,"Quadratic"
"6",0.99511000511066,1.42943796472615,2.94236342969638,148,"Polynomial"
"7",0.945922693371202,21.4616716514403,22.3694269304224,148,"Linear"
