"","R-Squared","AIC Score","BIC Score","ID","Model"
"1",0.996304065142095,20.2901551811306,22.5499526109767,255,"Logistic"
"2",0.995597813994312,24.5634353906751,27.3881821779828,255,"Gompertz"
"3",NA,NA,NA,255,"Baranyi"
"4",0.996740461935952,20.6567306428691,23.4814774301768,255,"Buchanan"
"5",0.992252101673336,29.912600407469,32.1723978373151,255,"Quadratic"
"6",0.996635195511377,21.069927488824,23.8946742761317,255,"Polynomial"
"7",0.960978310679378,48.9296484729535,50.6244965453381,255,"Linear"
