"","R-Squared","AIC Score","BIC Score","ID","Model"
"1",0.996543376632173,19.2022950721294,22.5351484483543,259,"Logistic"
"2",0.996284524944394,22.4299388126435,26.5960055329246,259,"Gompertz"
"3",NA,NA,NA,259,"Baranyi"
"4",NA,NA,NA,259,"Buchanan"
"5",0.9951183773986,25.0704478508903,28.4033012271151,259,"Quadratic"
"6",0.995545757304988,25.5128975096303,29.6789642299114,259,"Polynomial"
"7",0.887334279667449,76.4325560730222,78.9321961051909,259,"Linear"
