"","R-Squared","AIC Score","BIC Score","ID","Model"
"1",0.902504477191585,27.8771999434817,33.2060179841825,16,"Logistic"
"2",0.994438487511582,-50.3130180098406,-43.6519954589646,16,"Gompertz"
"3",NA,NA,NA,16,"Baranyi"
"4",NA,NA,NA,16,"Buchanan"
"5",0.827846702102007,43.7974088546346,49.1262268953354,16,"Quadratic"
"6",0.964542829172922,1.55573349795569,8.21675604883171,16,"Polynomial"
"7",0.444969609256324,74.5752595161119,78.5718730466375,16,"Linear"
