"","R-Squared","AIC Score","BIC Score","ID","Model"
"1",0.998196684296813,9.12694182454964,13.1098709187656,257,"Logistic"
"2",0.999129215391861,-3.43281123626644,1.54585013150351,257,"Gompertz"
"3",NA,NA,NA,257,"Baranyi"
"4",NA,NA,NA,257,"Buchanan"
"5",0.998666781593302,3.08631874531935,7.06924783953531,257,"Quadratic"
"6",0.99890657003612,1.12079149852041,6.09945286629037,257,"Polynomial"
"7",0.942064429820875,76.5210319522128,79.5082287728747,257,"Linear"
