"","R-Squared","AIC Score","BIC Score","ID","Model"
"1",0.947867744725436,16.7847464211325,16.5683870173538,166,"Logistic"
"2",0.145680007684745,38.3604001517409,38.0899508970175,166,"Gompertz"
"3",NA,NA,NA,166,"Baranyi"
"4",NA,NA,NA,166,"Buchanan"
"5",0.938292677471666,17.9650776226117,17.7487182188329,166,"Quadratic"
"6",0.969090658179274,15.1256686362217,14.8552193814983,166,"Polynomial"
"7",0.928655915057998,16.9808604680387,16.8185909152047,166,"Linear"
