"","R-Squared","AIC Score","BIC Score","ID","Model"
"1",0.878672346933845,29.1583730967051,29.9472714060499,240,"Logistic"
"2",0.901174265774894,29.3121425826804,30.2982654693615,240,"Gompertz"
"3",0.904110021085665,29.0407335657911,30.0268564524722,240,"Baranyi"
"4",NA,NA,NA,240,"Buchanan"
"5",0.834282364043803,31.9644884007099,32.7533867100547,240,"Quadratic"
"6",0.834922560735991,33.9296524684068,34.9157753550879,240,"Polynomial"
"7",0.728247974989898,34.4159300337637,35.0076037657723,240,"Linear"
