"","R-Squared","AIC Score","BIC Score","ID","Model"
"1",NA,NA,NA,15,"Logistic"
"2",NA,NA,NA,15,"Gompertz"
"3",NA,NA,NA,15,"Baranyi"
"4",NA,NA,NA,15,"Buchanan"
"5",0.922514011858361,4.05437267231143,9.38319071301224,15,"Quadratic"
"6",0.927263964271644,4.28308754929202,10.944110100168,15,"Polynomial"
"7",0.718865524951088,38.1389804458739,42.1355939763995,15,"Linear"
