"","R-Squared","AIC Score","BIC Score","ID","Model"
"1",0.990536043610799,12.9838276363366,15.5400569547976,149,"Logistic"
"2",0.991360718597718,13.7074320925843,16.9027187406606,149,"Gompertz"
"3",0.987292905710297,19.1092065779109,22.3044932259872,149,"Baranyi"
"4",0.984946693186118,21.4813280208076,24.6766146688839,149,"Buchanan"
"5",0.930335859411856,40.9305602199824,43.4867895384434,149,"Quadratic"
"6",0.988056842110121,18.241180116429,21.4364667645053,149,"Polynomial"
"7",0.92766966166175,39.4563715957805,41.3735435846263,149,"Linear"
