"","R-Squared","AIC Score","BIC Score","ID","Model"
"1",0.995957290305842,-83.3273765732429,-77.9985585325421,6,"Logistic"
"2",0.996633713579792,-86.4543165511615,-79.7932940002855,6,"Gompertz"
"3",NA,NA,NA,6,"Baranyi"
"4",NA,NA,NA,6,"Buchanan"
"5",0.97163711472217,-28.7787215577851,-23.4499035170843,6,"Quadratic"
"6",0.993222846983712,-66.8614027811913,-60.2003802303153,6,"Polynomial"
"7",0.791154082404333,25.123707111488,29.1203206420137,6,"Linear"
