"","R-Squared","AIC Score","BIC Score","ID","Model"
"1",0.99097622030917,7.8082268178357,8.59712512718057,111,"Logistic"
"2",0.996928163975464,0.10993621883858,1.09605910551968,111,"Gompertz"
"3",0.996461127847496,1.38372996950447,2.36985285618557,111,"Baranyi"
"4",NA,NA,NA,111,"Buchanan"
"5",0.995113759335865,2.28726633830559,3.07616464765047,111,"Quadratic"
"6",0.996802714112624,0.470177898432416,1.45630078511351,111,"Polynomial"
"7",0.992815692887688,3.75654900711241,4.34822273912107,111,"Linear"
