"","R-Squared","Theta","Immigration","Niches"
"theta",0.130381923225792,-0.702780136316532,1.745854864676,11
