"","R-Squared","Theta","Immigration","Niches"
"theta",0.183416140362597,184769.715036574,0.0786274933196136,18
