"","R-Squared","Theta","Immigration","Niches"
"theta",0.00187322829218173,156909.817883226,-0.00829525693638951,9
