"","R-Squared","Theta","Immigration","Niches"
"theta",0.626189278856709,-0.0842517925759512,-0.111278787601574,2
