"","R-Squared","Theta","Immigration","Niches"
"theta",0.435538326692496,1176595.59233907,0.528733631595748,28
