"","R-Squared","Theta","Immigration","Niches"
"theta",0.821321247249094,3350113.65512722,0.48594317346313,5
