"","R-Squared","Theta","Immigration","Niches"
"theta",0.0969798222042937,-4.30965176248013,-5.80632865986323e-07,6
