"K","Theta","m0","rho"
NA,0.7115,0.43633,0.49643
0.7115,NA,0.12301,0.08205
0.43633,0.12301,NA,0.29551
0.49643,0.08205,0.29551,NA
