,K,Theta,m0,rho
K,NA,0.47153,0.36869,0.51804
Theta,0.47153,NA,0.11014,0.19998
m0,0.36869,0.11014,NA,0.13999
rho,0.51804,0.19998,0.13999,NA
